-- ============================================================
-- Household Budget — Seed Data
-- Run AFTER schema.sql in your Supabase SQL Editor
-- ============================================================

-- Categories
insert into categories (id, name, type, icon, sort_order) values
  (1, 'Housing', 'expense', '🏠', 1),
  (2, 'Utilities', 'expense', '⚡', 2),
  (3, 'Groceries', 'expense', '🛒', 3),
  (4, 'Household', 'expense', '🏡', 4),
  (5, 'Kids', 'expense', '👶', 5),
  (6, 'Transportation', 'expense', '🚗', 6),
  (7, 'Health', 'expense', '❤️', 7),
  (8, 'Pets', 'expense', '🐕', 8),
  (9, 'Dining Out', 'expense', '🍽️', 9),
  (10, 'Fun & Lifestyle', 'expense', '🎉', 10),
  (11, 'Income', 'income', '💰', 11);

select setval('categories_id_seq', (select max(id) from categories));

-- Subcategories
insert into subcategories (id, category_id, name, sort_order) values
  (1, 1, 'Mortgage', 1),
  (2, 1, 'Home Maintenance', 2),
  (3, 1, 'Property Tax', 3),
  (4, 1, 'Home Insurance', 4),
  (5, 2, 'Electric', 1),
  (6, 2, 'Gas / Heat', 2),
  (7, 2, 'Water / Sewer', 3),
  (8, 2, 'Internet', 4),
  (9, 2, 'Mobile', 5),
  (10, 3, 'Groceries', 1),
  (11, 4, 'Supplies', 1),
  (12, 4, 'Clothing', 2),
  (13, 4, 'Subscriptions', 3),
  (14, 5, 'Childcare', 1),
  (15, 5, 'Activities', 2),
  (16, 5, 'Clothing', 3),
  (17, 5, 'School / Supplies', 4),
  (18, 6, 'Fuel', 1),
  (19, 6, 'Car Payment', 2),
  (20, 6, 'Auto Insurance', 3),
  (21, 6, 'Maintenance / Repairs', 4),
  (22, 6, 'Parking / Tolls', 5),
  (23, 7, 'Medical', 1),
  (24, 7, 'Prescriptions', 2),
  (25, 7, 'Dental / Vision', 3),
  (26, 7, 'Personal Care', 4),
  (27, 8, 'Food', 1),
  (28, 8, 'Vet', 2),
  (29, 8, 'Grooming', 3),
  (30, 9, 'Dining Out', 1),
  (31, 10, 'Entertainment', 1),
  (32, 10, 'Family Outings', 2),
  (33, 10, 'Travel', 3),
  (34, 10, 'Gifts', 4),
  (35, 11, 'Primary Income', 1),
  (36, 11, 'Secondary Income', 2),
  (37, 11, 'Bonus', 3),
  (38, 11, 'Reimbursements', 4);

select setval('subcategories_id_seq', (select max(id) from subcategories));

-- Monthly Budgets
insert into budgets (subcategory_id, monthly_amount) values
  (1, 3555),
  (2, 300),
  (3, 0),
  (4, 0),
  (5, 300),
  (6, 300),
  (7, 300),
  (8, 0),
  (9, 0),
  (10, 1000),
  (11, 200),
  (12, 200),
  (13, 50),
  (14, 1000),
  (15, 100),
  (16, 100),
  (17, 100),
  (18, 200),
  (19, 320),
  (20, 100),
  (21, 200),
  (22, 50),
  (23, 100),
  (24, 50),
  (25, 0),
  (26, 50),
  (27, 300),
  (28, 50),
  (29, 80),
  (30, 100),
  (31, 100),
  (32, 100),
  (33, 0),
  (34, 100),
  (35, 5000),
  (36, 4000),
  (37, 800),
  (38, 0);

-- Imported Transactions (122 total from Jan-Feb 2026)
insert into transactions (date, description, amount, location, subcategory_id) values
  ('2026-01-01', 'Summer Camp', -2080.0, 'Adirondack', 15),
  ('2026-01-01', 'Heated Blanket', -28.68, 'Amazon', 26),
  ('2026-01-01', 'Adirondack Membership Fee', -210.0, 'Adirondack', 15),
  ('2026-01-01', 'ADK Playroom', -19.5, 'ADK', 14),
  ('2026-01-01', 'Gymnastics', -98.0, 'Marcov''s', 15),
  ('2026-01-18', 'long sleeve shirt', -7.99, 'Amazon', 12),
  ('2026-01-29', 'MA Income Taxes 2025', -1629.89, 'MA DOR', 3),
  ('2026-01-29', 'Paycheck', 2352.74, null, 35),
  ('2026-01-28', 'Jeep Payment', -318.24, null, 19),
  ('2026-01-27', 'Gas', -778.58, null, 6),
  ('2026-01-05', 'Electric', -266.24, null, 5),
  ('2026-01-15', 'Paycheck', 2352.74, null, 35),
  ('2026-01-05', 'Home Insurance', -27.1, null, 4),
  ('2026-01-02', 'Mortgage', -3565.99, null, 1),
  ('2026-01-02', 'NYE Dinner', -63.97, 'Tavolino', 32),
  ('2026-01-02', 'Parking', -6.0, 'NW Hospital', 22),
  ('2026-01-05', 'Parking', -8.0, 'NW Hospital', 22),
  ('2026-01-05', 'Food Shopping', -29.43, 'Stop & Shop', 10),
  ('2026-01-05', 'Valentines Day', -9.03, 'Dollar Tree', 15),
  ('2026-01-05', 'Coffee syrup, chips, syrup dispenser', -25.45, 'Marshalls', 10),
  ('2026-01-07', 'Parking', -4.0, 'NW Hospital', 22),
  ('2026-01-08', 'Food Shopping', -95.24, 'BJ''s', 10),
  ('2026-01-08', 'ADK Playroom', -19.5, 'Adirondack', 14),
  ('2026-01-08', 'Tucker''s Food', -200.37, 'Farmer''s Dog', 27),
  ('2026-01-09', 'ADK Playroom', -19.5, 'Adirondack', 14),
  ('2026-01-09', 'Annual check up', -225.91, 'Medway Animal Hospital', 28),
  ('2026-01-10', 'ADK Playroom', -19.5, 'Adirondack', 14),
  ('2026-01-10', 'Food Shopping', -58.41, 'Shaws Medway', 10),
  ('2026-01-12', 'ADK Playroom', -19.5, 'Adirondack', 14),
  ('2026-01-12', 'Dinner with Ed and Kathy', -37.92, 'Texas Roadhouse', 30),
  ('2026-01-12', 'ADK Playroom', -19.5, 'Adirondack', 14),
  ('2026-01-14', 'Lunch at work', -10.12, 'SharkNinja', 30),
  ('2026-01-15', 'Food Shopping', -6.4, 'BJ''s', 10),
  ('2026-01-15', 'Food Shopping', -88.69, 'BJ''s', 10),
  ('2026-01-15', 'Gas', -52.13, 'BJ''s', 18),
  ('2026-01-16', 'ADK Playroom', -19.5, 'Adirondack', 14),
  ('2026-01-17', 'ADK Playroom', -19.5, 'Adirondack', 14),
  ('2026-01-17', 'Gas', -50.61, 'BJ''s', 18),
  ('2026-01-19', 'Food Shopping', -58.51, 'Stop & Shop', 10),
  ('2026-01-19', 'ADK Playroom', -19.5, 'Adirondack', 14),
  ('2026-01-22', 'Peacock', -10.99, 'Peacock', 13),
  ('2026-01-22', 'Milk', -4.79, 'Cumberland Farms', 10),
  ('2026-01-23', 'Food Shopping', -14.98, 'Stop & Shop', 10),
  ('2026-01-24', 'Food Shopping', -193.94, 'Stop & Shop', 10),
  ('2026-01-24', 'Food Shopping', -93.16, 'BJ''s', 10),
  ('2026-01-26', 'Tollhouse Ice Cream', -3.65, 'CVS', 10),
  ('2026-01-26', 'ADK Playroom', -6.5, 'Adirondack', 14),
  ('2026-01-28', 'Pizza', -12.83, 'Central Pizza', 30),
  ('2026-01-29', 'Tennis Tee for Mommy', -25.45, 'Etsy', 34),
  ('2026-01-29', 'Tucker''s Food', -200.37, 'Farmer''s Dog', 27),
  ('2026-01-28', 'Lunch at work', -8.44, 'SharkNinja', 30),
  ('2026-01-29', 'Lunch at work', -8.01, 'SharkNinja', 30),
  ('2026-01-30', 'Oil Change & Tire Rotation', -172.86, 'Grove Street Auto', 21),
  ('2026-01-08', 'Lunch at work', -6.75, 'SharkNinja', 30),
  ('2026-01-15', 'Baby gift for Ash', -84.0, 'Venmo', 34),
  ('2026-01-20', 'Lunch at work', -10.0, 'SharkNinja', 30),
  ('2026-01-17', 'Amanda Planter Payback', 35.0, 'Target', 38),
  ('2026-01-04', 'Tucker Grooming', -80.0, 'Jill''s house', 29),
  ('2026-01-11', 'Groceries, detergent, Court Sandals', -96.63, 'Target', 10),
  ('2026-01-17', 'Groceries, Tucker treats, cleaning products', -87.88, 'Target', 10),
  ('2026-01-06', 'Venmo Cashout', 1120.0, 'Venmo', 36),
  ('2026-01-31', 'Food Shopping', -23.7, 'Target', 10),
  ('2026-01-31', 'Food Shopping', -77.47, 'Target', 10),
  ('2026-02-07', 'Gift for Maeve', -6.36, 'Amazon', 34),
  ('2026-02-02', 'Gas', -49.75, 'BJs', 18),
  ('2026-02-02', 'ADK Playroom', -19.5, 'Adirondack', 14),
  ('2026-02-02', 'Out for Dinner', -34.31, 'Restaurant 45', 30),
  ('2026-02-02', 'Pictures for Daddy', -3.8, 'CVS', 34),
  ('2026-02-03', 'Gymnastics', -98.0, 'Marcovs', 15),
  ('2026-02-03', 'ADK Membership', -210.0, 'Adirondack', 15),
  ('2026-02-04', 'Food Shopping', -8.29, 'BJs', 10),
  ('2026-02-04', 'Food Shopping', -13.23, 'BJs', 10),
  ('2026-02-04', 'Gas', -38.17, 'BJs', 18),
  ('2026-02-06', 'Museum', -21.0, 'Franklin Childrens Museum', 15),
  ('2026-02-06', 'Lunch at work', -6.11, 'SharkNinja', 30),
  ('2026-02-07', 'Food Shopping', -71.24, 'Shaws', 10),
  ('2026-02-04', 'ADK Childcare', -38.0, 'Adirondack', 14),
  ('2026-02-10', 'Food Shopping', -60.39, 'Shaws', 10),
  ('2026-02-11', 'Cesar''s', -72.8, 'Haircuts', 26),
  ('2026-02-13', 'Lunch at work', -10.61, 'SharkNinja', 30),
  ('2026-02-14', 'Food Shopping', -107.25, 'Shaws', 10),
  ('2026-02-14', 'ADK Playroom', -13.0, 'Adirondack', 14),
  ('2026-02-15', 'ADK Playroom', -26.0, 'Adirondack', 14),
  ('2026-02-15', 'Food Shopping', -149.12, 'BJ''s', 10),
  ('2026-02-15', 'Urban Air 6 Month Memberships', -158.99, 'Urban Air', 15),
  ('2026-02-15', 'Gas', -56.52, 'BJ''s', 18),
  ('2026-02-14', 'Vase', -13.99, 'Target', 2),
  ('2026-02-14', 'Food Shopping & Bins for Ash', -87.42, 'Target', 10),
  ('2026-02-14', 'Bin payback from Ash', 28.0, 'Target', 38),
  ('2026-02-02', 'Black Sweater for Big Babe', -33.99, 'Amazon', 12),
  ('2026-02-08', 'Dot Marker Activity Book for Maeve', -6.36, 'Amazon', 34),
  ('2026-02-08', 'Firestick', -23.36, 'Amazon', 11),
  ('2026-02-14', 'Calendar', -6.35, 'Amazon', 2),
  ('2026-02-14', 'Affresh', -9.91, 'Amazon', 2),
  ('2026-02-17', 'Jack Undies', -13.99, 'Amazon', 16),
  ('2026-02-17', 'TV Mount', -22.29, 'Amazon', 11),
  ('2026-02-19', 'Big Babe sneakers', -40.11, 'Amazon', 12),
  ('2026-02-24', 'Court Bday decorations', -16.98, 'Amazon', 34),
  ('2026-02-24', 'Faux stems', -27.99, 'Amazon', 2),
  ('2026-02-23', 'Food Shopping', -40.55, 'Target', 10),
  ('2026-02-17', '16" vase', -31.79, 'Target', 2),
  ('2026-02-17', '16" & 9" vase', -45.91, 'Target', 2),
  ('2026-02-17', '9" vase return', 14.12, 'Target', 38),
  ('2026-02-17', '16" vase return', 31.79, 'Target', 38),
  ('2026-02-16', 'Airport Parking', -132.0, 'Logan', 22),
  ('2026-02-18', 'State of MA', -50.0, 'Inspection sticker', 21),
  ('2026-02-19', 'Tucker Food', -200.0, 'Farmer''s Dog', 27),
  ('2026-02-20', 'Food Shopping', -49.52, 'Stop & Shop', 10),
  ('2026-02-20', 'Food Shopping', -55.8, 'BJ''s', 10),
  ('2026-02-21', 'Jeep Alignment', -125.0, 'Jeep Dealership', 21),
  ('2026-02-21', 'ADK Playroom', -19.5, 'Adirondack', 14),
  ('2026-02-23', 'ADK Playroom', -19.5, 'Adirondack', 14),
  ('2026-02-23', 'Peacock', -10.99, null, 11),
  ('2026-02-23', 'Hair Appt', -66.0, 'Willow', 26),
  ('2026-02-23', 'Tableclothes', -6.64, 'Dollar Store', 11),
  ('2026-02-23', 'Food Shopping', -45.69, 'BJ''s', 10),
  ('2026-02-23', 'ADK Playroom', -19.5, 'Adirondack', 14),
  ('2026-02-26', 'Lunch at work', -7.8, 'SharkNinja', 30),
  ('2026-02-26', 'Lunch at Pressed', -14.5, 'Venmo', 30),
  ('2026-02-14', 'Girl Scout Cookies', -6.0, 'Venmo', 34),
  ('2026-02-27', 'Food Shopping/ Easter Candy', -58.87, 'Target', 10),
  ('2026-02-28', 'Lunchbox for Court''s bday', -23.36, 'Amazon', 30);
